,distance
0,3157
1,3157
2,3157
3,7633
4,5659
5,7633
6,7464
7,5921
8,7729
9,5921
10,6771
11,4338
12,3157
13,9157
14,16167
15,15035
16,3157
17,8670
18,3641
19,8670
20,9916
21,8670
22,3641
23,8670
24,8670
25,8670
26,6771
27,16167
28,3157
29,4123
30,3157
31,8973
32,3641
33,4754
34,573
35,573
36,8670
37,8670
38,7164
39,3157
40,3157
41,3157
42,3157
43,6837
44,5921
45,4142
46,7294
47,7294
48,7877
49,8074
50,8074
51,8074
52,8670
53,15035
54,8074
55,8074
56,8074
57,8074
58,8670
59,8973
60,8074
61,5008
62,573
63,8074
64,16167
65,9916
66,3157
67,9916
68,8074
69,15035
70,11529
71,9916
72,16167
73,7633
74,3157
75,3157
76,3157
77,5921
78,5921
79,3157
80,4338
81,4338
82,3157
83,3157
84,3157
85,3157
86,3157
87,9157
88,3572
89,8670
90,5355
91,3157
92,8670
93,8670
94,573
95,3157
96,3641
97,8074
98,8670
99,9916
100,3157
101,0
102,8973
103,5921
104,5921
105,3157
106,3157
107,8670
108,8670
109,9157
110,3157
111,3641
112,3157
113,573
114,8973
115,3157
116,8074
117,15035
118,8973
119,3157
120,3157
121,4754
122,14446
123,8074
124,8074
125,8074
126,8074
127,8074
128,8670
129,8074
130,5796
131,8670
132,5921
133,8670
134,8670
135,8670
136,4614
137,4614
138,5355
139,3157
140,9916
141,8670
142,8670
143,3157
144,3157
145,7633
146,7633
147,6906
148,6906
149,7633
150,7633
151,6906
152,3157
153,3157
154,16167
155,3157
156,7240
157,11529
158,3157
159,3157
160,9916
161,5796
162,15035
163,573
164,573
165,3157
166,573
167,4338
168,8670
169,8074
170,3157
171,3157
172,3157
173,8074
174,8670
175,3641
176,8074
177,5796
178,3157
179,15035
180,8670
181,4754
182,3157
183,5796
184,8670
185,3641
186,3157
187,7294
188,7877
189,8670
190,8074
191,8074
192,0
193,8074
194,8074
195,8074
196,8973
197,8670
198,8074
199,8074
200,8973
201,8670
202,8074
203,5355
204,3157
205,3641
206,3157
207,3157
208,9916
209,8670
210,8074
211,573
212,5524
213,5921
214,3157
215,9157
216,4338
217,8670
218,5921
219,9157
220,3157
221,8973
222,15035
223,7877
224,8670
225,15035
226,3157
227,3157
228,3157
229,9157
230,9157
231,3157
232,3157
233,3157
234,9916
235,3641
236,8670
237,573
238,6771
239,3157
240,5921
241,7240
242,7164
243,3157
244,6837
245,8074
246,8074
247,8074
248,8074
249,8074
250,8074
251,8074
252,8074
253,573
254,573
255,8670
256,8670
257,8074
258,8074
259,573
260,8973
261,8973
262,7633
263,9091
264,9091
265,5524
266,6906
267,3157
268,3157
269,3157
270,3157
271,10046
272,7729
273,4338
274,5921
275,8670
276,8670
277,9157
278,3157
279,8670
280,0
281,8670
282,573
283,3157
284,3641
285,8973
286,3157
287,9157
288,3641
289,8670
290,8670
291,16167
292,3157
293,3641
294,13251
295,573
296,7633
297,9157
298,3157
299,9916
300,8670
301,8670
302,3157
303,3157
304,8074
305,9091
306,3157
307,5921
308,7877
309,9916
310,8074
311,8670
312,8074
313,8670
314,8074
315,8670
316,8074
317,8670
318,15035
319,15035
320,8074
321,8074
322,8074
323,8074
324,8074
325,573
326,8074
327,8074
328,8074
329,8074
330,8670
331,3157
332,9916
333,9916
334,8074
335,3157
336,3157
337,5524
338,5524
339,3157
340,3157
341,8017
342,4338
343,3157
344,9157
345,6046
346,3157
347,3572
348,8670
349,8973
350,5921
351,5921
352,16167
353,8670
354,0
355,13251
356,15035
357,9916
358,3157
359,8670
360,3641
361,3641
362,3157
363,8074
364,15035
365,15035
366,7633
367,5921
368,5921
369,573
370,3157
371,8074
372,8074
373,8670
374,0
375,3157
376,0
377,8670
378,3157
379,6837
380,14446
381,14446
382,8074
383,8074
384,8973
385,8074
386,8074
387,8074
388,8670
389,8670
390,15035
391,8074
392,8973
393,15035
394,8074
395,8074
396,3157
397,5796
398,3157
399,3989
400,7729
401,3157
402,8622
403,0
404,5921
405,5921
406,6771
407,16167
408,3641
409,3157
410,3157
411,3641
412,3641
413,8670
414,8670
415,16167
416,9157
417,3157
418,3157
419,7877
420,8074
421,4754
422,4754
423,7164
424,6837
425,3641
426,3157
427,6837
428,5921
429,7877
430,14325
431,8074
432,8074
433,8074
434,8074
435,15035
436,8074
437,8074
438,8074
439,8973
440,15035
441,573
442,8973
443,0
444,8670
445,0
446,8670
447,8670
448,8074
449,16167
450,4614
451,3157
452,3157
453,9916
454,8074
455,573
456,8074
457,4614
458,3157
459,5524
460,6906
461,4338
462,3157
463,3157
464,8622
465,5921
466,3157
467,5921
468,8670
469,8670
470,573
471,8670
472,8670
473,3157
474,3157
475,3641
476,3641
477,8670
478,9157
479,3641
480,4123
481,4123
482,0
483,9916
484,4123
485,3157
486,8670
487,3157
488,7164
489,3157
490,3157
491,3157
492,8670
493,8074
494,8670
495,8074
496,8670
497,8074
498,8074
499,8074
500,8670
501,0
502,15035
503,573
504,8670
505,573
506,8074
507,8973
508,8074
509,0
510,8074
511,8074
512,15035
513,16167
514,5355
515,3641
516,9916
517,8074
518,8074
519,8074
520,11824
521,6624
522,5168
523,9091
524,6980
525,7633
526,7633
527,7633
528,5168
529,9091
530,9091
531,6906
532,7464
533,7633
534,9091
535,7633
536,6980
537,9091
538,9091
539,6980
540,9091
541,5009
542,6624
543,6980
544,9091
545,6980
546,6980
547,5524
548,4338
549,9091
550,9091
551,7464
552,5168
553,7633
554,7633
555,7633
556,7633
557,6906
558,6624
559,7633
560,14446
561,14446
562,7633
563,6906
564,6906
565,9091
566,6980
567,6624
568,6980
569,6624
570,6624
571,7633
572,5659
573,9091
574,6339
575,9091
576,3989
577,5524
578,6624
579,6906
580,5659
581,7633
582,6906
583,6980
584,9091
585,14446
586,14446
587,7633
588,14446
589,9091
590,6906
591,5524
592,5659
593,6980
594,9091
595,9091
596,2162
597,14446
598,14446
599,7877
600,6906
601,5659
602,9091
603,7633
604,5524
605,6624
606,6624
607,6906
608,5524
609,6624
610,7134
611,4754
612,5168
613,14446
614,7633
615,7134
616,5524
617,6624
618,6624
619,5091
620,6624
621,7633
622,5659
623,5168
624,7633
625,7633
626,5168
627,5524
628,7633
629,4614
630,6339
631,7633
632,5091
633,6624
634,5168
635,7633
636,6624
637,5168
638,4961
639,9091
640,6906
641,14446
642,6906
643,7633
644,6906
645,9091
646,6624
647,8608
648,6624
649,6906
650,5091
651,6906
652,8608
653,9091
654,6906
655,14446
656,14446
657,5524
658,5659
659,5524
660,9091
661,9091
662,5921
663,4338
664,6624
665,11824
666,8163
667,6906
668,11824
669,5921
670,9091
671,6980
672,5659
673,6624
674,7633
675,9091
676,5659
677,9091
678,5659
679,6906
680,9091
681,6624
682,7633
683,9091
684,9091
685,5659
686,6624
687,5524
688,9894
689,9091
690,9091
691,6906
692,5008
693,6906
694,5524
695,7633
696,7633
697,7633
698,6906
699,7633
700,6624
701,6980
702,5524
703,6906
704,9091
705,6906
706,5008
707,6980
708,6980
709,14446
710,8465
711,6339
712,5921
713,6980
714,6339
715,5659
716,5009
717,6980
718,6980
719,5659
720,6906
721,6837
722,5659
723,9091
724,4754
725,14446
726,6624
727,2162
728,6339
729,6906
730,6980
731,5659
732,6906
733,14446
734,5524
735,5168
736,5524
737,7633
738,7633
739,8465
740,6980
741,2162
742,6980
743,6980
744,6624
745,5659
746,14446
747,6624
748,6624
749,5659
750,5168
751,6339
752,6906
753,9091
754,5524
755,6980
756,6339
757,6624
758,5659
759,5524
760,5868
761,5009
762,7467
763,7467
764,14446
765,6980
766,9091
767,4142
768,14446
769,6339
770,14446
771,5168
772,5168
773,5524
774,14325
775,14446
776,6339
777,9091
778,5168
779,7633
780,7633
781,5008
782,4338
783,14446
784,6980
785,3213
786,7633
787,3989
788,5524
789,5868
790,6624
791,7633
792,7134
793,5524
794,7633
795,5524
796,7633
797,7633
798,9091
799,14446
800,14446
801,9091
802,5524
803,5524
804,7134
805,8608
806,6906
807,6624
808,7633
809,6624
810,7134
811,9091
812,9091
813,6624
814,6624
815,7633
816,7939
817,6906
818,6906
819,9091
820,5168
821,6624
822,6624
823,9091
824,6906
825,6624
826,5008
827,9091
828,9091
829,6906
830,9091
831,7633
832,6624
833,7633
834,7633
835,6837
836,9091
837,9091
838,6624
839,9091
840,5659
841,6624
842,5524
843,5524
844,6906
845,6906
846,6624
847,9091
848,6906
849,6906
850,6906
851,6980
852,7633
853,6624
854,6906
855,6906
856,6624
857,5524
858,9091
859,9091
860,5009
861,14446
862,6906
863,6906
864,7633
865,7633
866,14446
867,7633
868,14446
869,9091
870,5921
871,5659
872,5008
873,6339
874,5524
875,14446
876,14446
877,5659
878,6624
879,4614
880,7134
881,14446
882,6906
883,7633
884,7633
885,6339
886,9091
887,6624
888,6624
889,6420
890,7633
891,7633
892,14446
893,5524
894,5524
895,6906
896,6837
897,6906
898,9091
899,14446
900,8608
901,7633
902,6906
903,7633
904,7633
905,6980
906,6980
907,5868
908,8608
909,5524
910,5659
911,14446
912,3989
913,3989
914,14446
915,7633
916,5524
917,6624
918,7134
919,7633
920,9091
921,5868
922,5921
923,7633
924,14446
925,7633
926,7633
927,4961
928,6074
929,3989
930,6074
931,6339
932,6339
933,6906
934,7134
935,6980
936,7633
937,8608
938,8608
939,9091
940,7633
941,7633
942,5168
943,5168
944,9091
945,5168
946,6624
947,6624
948,6074
949,6980
950,7633
951,7134
952,6906
953,14446
954,5659
955,9091
956,5168
957,9091
958,5659
959,6980
960,7633
961,6906
962,5921
963,5921
964,9091
965,9091
966,9091
967,9091
968,6906
969,10928
970,7464
971,9091
972,5921
973,6906
974,5008
975,6624
976,8163
977,9091
978,6980
979,6624
980,5524
981,4338
982,6624
983,6624
984,6906
985,5008
986,6624
987,6906
988,6906
989,7633
990,6906
991,6980
992,6980
993,7633
994,6906
995,9091
996,9091
997,5009
998,2162
999,9091
1000,9091
1001,7633
1002,7633
1003,6906
1004,6339
1005,7633
1006,9091
1007,2162
1008,6980
1009,5524
1010,6980
1011,7633
1012,5659
1013,5009
1014,6980
1015,6339
1016,14325
1017,14446
1018,6339
1019,7633
1020,5659
1021,7633
1022,14446
1023,5659
1024,7633
1025,5524
1026,14446
1027,7633
1028,5659
1029,5524
1030,7467
1031,14446
1032,6624
1033,6980
1034,6906
1035,5659
1036,6837
1037,6980
1038,6906
1039,5524
1040,6906
1041,5921
1042,7633
1043,7633
1044,5168
1045,7633
1046,7633
1047,6906
1048,6980
1049,5168
1050,14446
1051,6624
1052,9091
1053,5009
1054,5524
1055,5524
1056,6906
1057,5659
1058,6624
1059,6624
1060,8608
1061,5524
1062,5524
1063,5091
1064,5524
1065,6906
1066,5168
1067,14446
1068,7633
1069,5524
1070,5524
1071,7633
1072,5168
1073,5168
1074,5168
1075,5921
1076,5168
1077,6624
1078,5168
1079,14446
1080,7633
1081,14446
1082,4961
1083,6906
1084,6624
1085,4961
1086,7633
1087,14446
1088,14446
1089,4961
1090,5524
1091,6980
1092,9091
1093,9091
1094,5524
1095,6906
1096,6624
1097,6624
1098,7633
1099,5168
1100,5168
1101,9091
1102,3989
1103,14446
1104,6339
1105,6906
1106,9091
1107,9091
1108,6906
1109,5524
1110,9091
1111,4961
1112,6906
1113,9091
1114,9091
1115,7633
1116,7134
1117,6624
1118,6624
1119,5524
1120,5659
1121,7134
1122,6906
1123,6624
1124,6624
1125,7633
1126,5168
1127,16167
1128,16167
1129,9091
1130,9091
1131,9091
1132,6624
1133,9091
1134,9091
1135,9091
1136,6980
1137,6906
1138,9091
1139,5659
1140,7633
1141,6980
1142,6980
1143,6980
1144,5659
1145,6906
1146,5659
1147,6837
1148,6624
1149,5659
1150,5659
1151,6624
1152,6624
1153,5009
1154,5009
1155,6980
1156,6980
1157,6906
1158,9091
1159,9091
1160,9091
1161,6980
1162,4338
1163,6906
1164,6906
1165,9091
1166,8465
1167,6624
1168,6906
1169,7633
1170,6980
1171,9091
1172,9091
1173,9091
1174,7877
1175,6906
1176,6906
1177,7633
1178,7633
1179,14446
1180,6980
1181,5868
1182,5921
1183,7633
1184,9091
1185,6906
1186,9091
1187,9091
1188,5524
1189,9091
1190,6980
1191,6980
1192,14446
1193,6906
1194,7877
1195,7633
1196,5168
1197,5168
1198,6906
1199,7633
1200,6980
1201,9091
1202,9091
1203,7633
1204,14446
1205,7633
1206,6906
1207,7633
1208,14446
1209,9091
1210,6980
1211,5659
1212,5009
1213,5524
1214,14446
1215,6624
1216,5659
1217,6980
1218,7633
1219,14446
1220,7633
1221,14446
1222,14446
1223,6980
1224,5524
1225,7467
1226,14446
1227,7633
1228,7134
1229,7633
1230,14446
1231,5921
1232,7134
1233,8608
1234,5921
1235,5659
1236,6624
1237,9091
1238,5168
1239,5168
1240,7134
1241,7633
1242,14446
1243,14446
1244,14325
1245,7633
1246,5659
1247,14446
1248,14446
1249,7633
1250,5168
1251,7633
1252,2162
1253,7633
1254,9091
1255,9091
1256,6339
1257,9091
1258,7633
1259,7633
1260,5008
1261,6624
1262,9091
1263,9091
1264,14446
1265,6074
1266,5168
1267,14446
1268,6624
1269,9091
1270,8465
1271,6624
1272,7633
1273,6906
1274,7633
1275,6980
1276,9091
1277,5524
1278,5524
1279,5524
1280,6339
1281,7633
1282,7633
1283,14446
1284,14446
1285,6624
1286,6906
1287,9091
1288,5524
1289,6906
1290,6980
1291,3989
1292,9091
1293,5690
1294,7633
1295,6906
1296,14446
1297,5524
1298,5524
1299,9091
1300,9091
1301,6906
1302,7633
1303,6624
1304,9091
1305,9091
1306,5921
1307,9091
1308,9091
1309,9091
1310,9091
1311,7633
1312,7633
1313,8163
1314,6624
1315,7633
1316,7633
1317,7633
1318,6980
1319,6906
1320,5168
1321,9091
1322,6906
1323,9091
1324,5659
1325,6624
1326,8163
1327,6624
1328,6906
1329,5921
1330,6980
1331,4338
1332,6980
1333,14446
1334,9091
1335,14446
1336,7633
1337,7633
1338,6906
1339,5009
1340,8465
1341,6980
1342,6980
1343,5524
1344,6980
1345,6906
1346,14446
1347,6906
1348,14446
1349,7633
1350,6980
1351,14446
1352,7633
1353,5659
1354,14446
1355,6906
1356,5524
1357,7633
1358,7633
1359,5524
1360,6906
1361,14446
1362,7633
1363,6906
1364,7134
1365,7633
1366,6906
1367,14446
1368,14446
1369,14325
1370,5524
1371,7633
1372,5659
1373,6624
1374,6339
1375,7633
1376,5524
1377,14446
1378,6980
1379,9091
1380,8608
1381,9091
1382,5524
1383,3989
1384,5524
1385,7633
1386,5168
1387,5168
1388,6074
1389,6980
1390,6906
1391,6339
1392,6624
1393,7134
1394,3213
1395,9091
1396,7633
1397,7633
1398,7633
1399,14446
1400,2162
1401,7633
1402,7633
1403,7633
1404,5524
1405,5524
1406,5659
1407,7633
1408,7633
1409,4614
1410,7633
1411,7633
1412,5168
1413,7633
1414,7633
1415,7633
1416,6624
1417,3213
1418,6980
1419,6624
1420,5168
1421,14446
1422,14446
1423,5524
1424,6339
1425,9091
1426,9091
1427,7633
1428,7134
1429,7633
1430,14446
1431,5168
1432,4961
1433,5168
1434,6339
1435,6624
1436,7633
1437,5168
1438,9091
1439,7134
1440,14446
1441,6624
1442,5921
1443,4961
1444,5524
1445,9091
1446,6339
1447,6339
1448,6980
1449,6906
1450,8608
1451,5659
1452,6906
1453,7633
1454,7633
1455,9091
1456,6624
1457,6906
1458,5524
1459,6980
1460,7633
1461,6624
1462,6624
1463,6624
1464,9091
1465,8163
1466,6624
1467,9091
1468,7633
1469,6906
1470,5921
1471,7633
1472,11824
1473,9091
1474,5659
1475,9091
1476,6906
1477,6906
1478,6624
1479,5659
1480,9091
1481,9091
1482,6624
1483,6624
1484,5009
1485,6906
1486,6906
1487,6906
1488,6906
1489,9091
1490,9091
1491,6906
1492,6906
1493,7633
1494,7633
1495,6339
1496,6624
1497,9091
1498,9091
1499,5524
1500,9091
1501,14446
1502,6906
1503,7633
1504,5008
1505,6624
1506,5921
1507,6906
1508,6339
1509,9091
1510,14446
1511,7633
1512,9091
1513,9091
1514,7467
1515,7467
1516,7633
1517,7633
1518,7633
1519,7134
1520,5659
1521,6980
1522,5659
1523,6906
1524,5659
1525,7633
1526,6624
1527,14446
1528,5524
1529,5659
1530,7633
1531,9091
1532,14446
1533,5659
1534,14446
1535,5659
1536,6339
1537,9091
1538,6980
1539,14446
1540,7877
1541,6624
1542,5659
1543,5659
1544,5659
1545,5524
1546,6624
1547,8017
1548,6906
1549,7633
1550,5168
1551,6339
1552,5168
1553,5524
1554,6624
1555,6624
1556,9091
1557,5524
1558,5524
1559,5524
1560,7633
1561,9091
1562,3989
1563,7633
1564,14446
1565,7633
1566,7633
1567,5524
1568,7134
1569,9091
1570,9091
1571,7633
1572,6906
1573,6906
1574,6074
1575,7633
1576,5868
1577,5168
1578,7633
1579,14446
1580,7134
1581,7467
1582,8608
1583,7134
1584,14446
1585,5524
1586,9091
1587,9091
1588,7633
1589,4961
1590,5868
1591,6339
1592,6906
1593,5690
1594,14446
1595,6906
1596,7633
1597,5168
1598,5524
1599,4961
1600,6624
1601,6074
1602,6906
1603,3213
1604,6906
1605,6624
1606,7134
1607,5091
1608,14446
1609,6624
1610,5690
1611,6624
1612,6624
1613,6906
1614,11824
1615,6906
1616,10928
1617,5921
1618,6906
1619,9091
1620,9091
1621,6624
1622,9091
1623,5659
1624,5008
1625,9091
1626,9091
1627,9091
1628,5921
1629,6624
1630,5659
1631,6837
1632,6624
1633,6624
1634,9091
1635,6980
1636,6980
1637,5524
1638,9091
1639,7464
1640,6906
1641,7633
1642,6624
1643,9091
1644,6980
1645,9091
1646,9091
1647,9091
1648,6906
1649,14446
1650,14446
1651,5008
1652,7633
1653,7633
1654,9091
1655,7633
1656,5524
1657,6980
1658,14446
1659,6624
1660,14446
1661,5524
1662,9091
1663,9091
1664,5524
1665,6420
1666,14446
1667,5168
1668,9091
1669,7633
1670,5659
1671,5659
1672,9091
1673,6906
1674,5659
1675,14446
1676,14325
1677,14446
1678,6980
1679,6906
1680,14446
1681,5168
1682,6624
1683,6624
1684,6980
1685,5524
1686,5524
1687,6339
1688,6906
1689,9091
1690,5659
1691,14446
1692,14446
1693,4142
1694,7134
1695,5168
1696,7134
1697,4614
1698,6906
1699,5659
1700,8465
1701,6980
1702,6074
1703,5524
1704,9091
1705,6980
1706,6980
1707,9091
1708,8608
1709,6906
1710,5168
1711,6339
1712,5659
1713,7633
1714,7633
1715,7633
1716,7633
1717,7633
1718,9091
1719,6980
1720,9091
1721,7633
1722,6980
1723,6624
1724,5659
1725,7633
1726,7633
1727,7633
1728,7633
1729,5524
1730,4754
1731,7633
1732,4754
1733,6906
1734,6624
1735,7633
1736,6906
1737,14446
1738,14446
1739,14446
1740,9091
1741,5524
1742,4961
1743,6906
1744,9091
1745,5524
1746,9091
1747,7633
1748,7633
1749,7134
1750,7633
1751,7633
1752,6906
1753,6624
1754,14446
1755,3641
1756,14446
1757,8163
1758,8074
1759,8074
1760,8074
1761,3641
1762,8074
1763,8074
1764,8074
1765,3641
1766,5355
1767,8017
1768,7527
1769,14325
1770,3641
1771,8074
1772,4823
1773,3641
1774,14446
1775,9157
1776,7633
1777,5355
1778,6583
1779,7877
1780,14446
1781,4823
1782,8074
1783,5659
1784,3641
1785,8074
1786,6906
1787,3157
1788,8074
1789,3157
1790,8074
1791,8608
1792,6624
1793,5524
1794,3157
1795,9157
1796,3641
1797,8074
1798,5659
1799,8074
1800,8074
1801,9211
1802,573
1803,15035
1804,8074
1805,8074
1806,8074
1807,14446
1808,8973
1809,4338
1810,14446
1811,8074
1812,5921
1813,3641
1814,15035
1815,7527
1816,5091
1817,6190
1818,7294
1819,15035
1820,5355
1821,8074
1822,8074
1823,8074
1824,3641
1825,8074
1826,14446
1827,8074
1828,3157
1829,8074
1830,3157
1831,3157
1832,7134
1833,8074
1834,8074
1835,5355
1836,9157
1837,3157
1838,8074
1839,8670
1840,5355
1841,3157
1842,8074
1843,8074
1844,14446
1845,5659
1846,8074
1847,6771
1848,14325
1849,8074
1850,3157
1851,14446
1852,7877
1853,7877
1854,8074
1855,14325
1856,6906
1857,9157
1858,6906
1859,3157
1860,5921
1861,3641
1862,14446
1863,3157
1864,3641
1865,7134
1866,8074
1867,9157
1868,5659
1869,8163
1870,3641
1871,14325
1872,3641
1873,8074
1874,8074
1875,5008
1876,8074
1877,8074
1878,8074
1879,3157
1880,8074
1881,8074
1882,8074
1883,8074
1884,8074
1885,8074
1886,8074
1887,8074
1888,8074
1889,3641
1890,6980
1891,14446
1892,3157
1893,14446
1894,14446
1895,7464
1896,9157
1897,8074
1898,8074
1899,5659
1900,3641
1901,3641
1902,6771
1903,8074
1904,5008
1905,5659
1906,8074
1907,7877
1908,5921
1909,9157
1910,8074
1911,8074
1912,5091
1913,4338
1914,573
1915,7877
1916,8074
1917,3641
1918,8074
1919,5008
1920,3157
1921,15035
1922,8074
1923,8074
1924,9157
1925,8074
1926,5524
1927,8074
1928,8074
1929,8074
1930,3157
1931,3641
1932,8074
1933,15035
1934,5868
1935,6583
1936,4823
1937,573
1938,6339
1939,3641
1940,3641
1941,3641
1942,14325
1943,8074
1944,8074
1945,6583
1946,5921
1947,7527
1948,7096
1949,4614
1950,5524
1951,8074
1952,8074
1953,3157
1954,8074
1955,6190
1956,8074
1957,14446
1958,8074
1959,7527
1960,8074
1961,3641
1962,8074
1963,7877
1964,8074
1965,6190
1966,3641
1967,14325
1968,8074
1969,5659
1970,5008
1971,5091
1972,8074
1973,6583
1974,5659
1975,8074
1976,8994
1977,5524
1978,3641
1979,8074
1980,5524
1981,8074
1982,8074
1983,8074
1984,3157
1985,5091
1986,9157
1987,4338
1988,8074
1989,6906
1990,3157
1991,3157
1992,3641
1993,3157
1994,7877
1995,3157
1996,5868
1997,8074
1998,8074
1999,5659
2000,3641
2001,8074
2002,14446
2003,8074
2004,5524
2005,9157
2006,8163
2007,8074
2008,14325
2009,8074
2010,3157
2011,3157
2012,8074
2013,6583
2014,8074
2015,8074
2016,8074
2017,3641
2018,627
2019,7527
2020,8074
2021,4614
2022,8074
2023,7877
2024,8074
2025,3157
2026,5008
2027,6583
2028,8074
2029,5921
2030,14446
2031,3989
2032,3641
2033,6583
2034,8074
2035,14446
2036,9157
2037,8074
2038,9157
2039,5355
2040,7877
2041,5008
2042,5659
2043,9211
2044,7527
2045,14325
2046,7294
2047,5091
2048,8074
2049,14325
2050,8074
2051,8074
2052,8074
2053,5921
2054,7633
2055,5921
2056,6420
2057,8074
2058,8608
2059,5921
2060,8074
2061,8973
2062,5009
2063,573
2064,6190
2065,8074
2066,3641
2067,8074
2068,3157
2069,15035
2070,8074
2071,9211
2072,8973
2073,9157
2074,5008
2075,3641
2076,8074
2077,8074
2078,8074
2079,7939
2080,7467
2081,8074
2082,8074
2083,8074
2084,6583
2085,8074
2086,8074
2087,3157
2088,6837
2089,14446
2090,5921
2091,3989
2092,8074
2093,4823
2094,7877
2095,7877
2096,9157
2097,5009
2098,573
2099,8973
2100,8074
2101,9157
2102,3641
2103,6906
2104,5524
2105,14446
2106,3157
2107,5921
2108,8074
2109,8074
2110,8670
2111,8074
2112,8074
2113,3157
2114,8074
2115,5355
2116,8670
2117,8973
2118,3989
2119,8074
2120,6190
2121,8074
2122,7633
2123,8670
2124,8074
2125,5524
2126,6980
2127,8074
2128,14325
2129,5355
2130,8074
2131,3157
2132,3641
2133,3157
2134,8074
2135,8074
2136,3157
2137,8074
2138,5921
2139,8074
2140,8074
2141,5921
2142,3641
2143,8074
2144,8074
2145,7633
2146,3799
2147,8074
2148,8074
2149,6190
2150,8074
2151,3157
2152,8074
2153,0
2154,8074
2155,8074
2156,8074
2157,8074
2158,7877
2159,5868
2160,3157
2161,8074
2162,8608
2163,8074
2164,5868
2165,8074
2166,573
2167,5921
2168,14446
2169,3157
2170,6174
2171,8074
2172,9211
2173,8074
2174,5355
2175,14446
2176,5524
2177,8074
2178,7877
2179,4823
2180,3641
2181,3157
2182,9211
2183,8250
2184,7877
2185,3157
2186,3157
2187,8074
2188,8074
2189,8074
2190,8074
2191,8074
2192,5659
2193,8074
2194,9157
2195,8074
2196,8074
2197,5659
2198,5659
2199,8074
2200,5009
2201,8074
2202,3641
2203,8074
2204,5091
2205,8074
2206,8074
2207,8973
2208,8074
2209,6906
2210,8074
2211,8074
2212,8973
2213,8074
2214,4961
2215,5524
2216,8074
2217,8074
2218,5921
2219,9157
2220,6190
2221,14446
2222,8074
2223,3157
2224,8250
2225,8074
2226,8074
2227,3641
2228,3157
2229,8074
2230,8074
2231,3641
2232,3641
2233,14325
2234,5921
2235,7294
2236,14446
2237,3641
2238,14446
2239,8074
2240,15035
2241,14446
2242,3641
2243,8074
2244,5524
2245,3157
2246,8074
2247,8074
2248,5868
2249,6837
2250,4338
2251,3641
2252,5921
2253,5921
2254,5921
2255,8074
2256,3157
2257,7877
2258,8074
2259,8074
2260,8074
2261,3641
2262,8074
2263,8074
2264,8074
2265,8074
2266,6420
2267,3641
2268,5921
2269,8074
2270,9157
2271,573
2272,3641
2273,3157
2274,3641
2275,6174
2276,8074
2277,9399
2278,8074
2279,9157
2280,5921
2281,8074
2282,8074
2283,7527
2284,8074
2285,5921
2286,8074
2287,8074
2288,5355
2289,5008
2290,3157
2291,8074
2292,3989
2293,8074
2294,14446
2295,8670
2296,8074
2297,3641
2298,6420
2299,5008
2300,8074
2301,4614
2302,5009
2303,6583
2304,3641
2305,9157
2306,8670
2307,5921
2308,8074
2309,7467
2310,5868
2311,8074
2312,6771
2313,3641
2314,8074
2315,5868
2316,8074
2317,8074
2318,9157
2319,5355
2320,3641
2321,9157
2322,8074
2323,8074
2324,8074
2325,5355
2326,5008
2327,9211
2328,7877
2329,8074
2330,3641
2331,5091
2332,8074
2333,14446
2334,4961
2335,3989
2336,8074
2337,7633
2338,4823
2339,627
2340,14325
2341,8074
2342,3157
2343,8163
2344,8074
2345,8074
2346,8074
2347,8074
2348,3157
2349,8074
2350,6837
2351,7877
2352,8074
2353,15035
2354,8074
2355,8074
2356,8074
2357,8074
2358,7294
2359,5091
2360,5524
2361,3641
2362,7877
2363,8074
2364,3157
2365,7527
2366,8608
2367,9157
2368,3641
2369,5009
2370,8074
2371,8074
2372,8074
2373,8074
2374,8074
2375,3641
2376,573
2377,8074
2378,3157
2379,3989
2380,3641
2381,4823
2382,7527
2383,9091
2384,9157
2385,3641
2386,8670
2387,8074
2388,8074
2389,8074
2390,5008
2391,5921
2392,3157
2393,8074
2394,6837
2395,6906
2396,8074
2397,8074
2398,8074
2399,8074
2400,5921
2401,8074
2402,8074
2403,8074
2404,5524
2405,8074
2406,3989
2407,3157
2408,8074
2409,8074
2410,8074
2411,14325
2412,5921
2413,8074
2414,3641
2415,5921
2416,3641
2417,8074
2418,8074
2419,8074
2420,14325
2421,8074
2422,8074
2423,8074
2424,14325
2425,8074
2426,6980
2427,8074
2428,14446
2429,8074
2430,4961
2431,8074
2432,8163
2433,8074
2434,3157
2435,8074
2436,4823
2437,8074
2438,8074
2439,8074
2440,8074
2441,7633
2442,14446
2443,3157
2444,8074
2445,573
2446,0
2447,8973
2448,3641
2449,3157
2450,3157
2451,8074
2452,7527
2453,7527
2454,14446
2455,5524
2456,8074
2457,14446
2458,4961
2459,8074
2460,14446
2461,8074
2462,8074
2463,3641
2464,8973
2465,8074
2466,9157
2467,8074
2468,3157
2469,8074
2470,7939
2471,8074
2472,8074
2473,7527
2474,9157
2475,3157
2476,3157
2477,8074
2478,8074
2479,3641
2480,8074
2481,5008
2482,8074
2483,14446
2484,8074
2485,4961
2486,5921
2487,8074
2488,3641
2489,8074
2490,8074
2491,14446
2492,14446
2493,6190
2494,8074
2495,8074
2496,3157
2497,3641
2498,9157
2499,5921
2500,8074
2501,14325
2502,14446
2503,15035
2504,7633
2505,573
2506,15035
2507,8074
2508,8074
2509,5009
2510,8074
2511,8074
2512,8074
2513,4614
2514,3641
2515,8074
2516,5921
2517,8074
2518,8074
2519,8074
2520,5009
2521,6906
2522,8670
2523,8074
2524,8074
2525,14446
2526,3157
2527,7877
2528,8074
2529,4961
2530,8074
2531,6583
2532,9157
2533,3641
2534,9091
2535,9157
2536,5524
2537,7877
2538,8074
2539,8074
2540,8074
2541,5008
2542,5355
2543,9157
2544,6174
2545,14446
2546,8074
2547,14325
2548,8074
2549,9157
2550,7877
2551,5009
2552,6837
2553,8074
2554,8074
2555,3989
2556,8074
2557,9091
2558,5524
2559,8973
2560,3157
2561,15035
2562,5921
2563,8074
2564,8074
2565,8074
2566,8074
2567,9157
2568,3641
2569,7467
2570,8074
2571,8074
2572,8074
2573,3157
2574,8973
2575,6133
2576,9091
2577,6583
2578,8074
2579,8074
2580,8074
2581,5091
2582,3641
2583,8074
2584,8163
2585,7877
2586,14325
2587,7939
2588,14446
2589,8074
2590,3641
2591,3641
2592,8074
2593,3157
2594,8074
2595,8074
2596,5868
2597,8074
2598,8994
2599,8074
2600,8074
2601,8074
2602,8074
2603,5524
2604,8074
2605,7877
2606,8074
2607,8074
2608,8074
2609,3157
2610,3641
2611,6190
2612,8074
2613,8074
2614,8074
2615,8074
2616,3157
2617,8074
2618,8074
2619,8074
2620,5008
2621,8074
2622,8074
2623,8074
2624,7877
2625,8074
2626,8074
2627,5008
2628,8074
2629,8074
2630,3157
2631,6837
2632,5921
2633,8608
2634,3157
2635,5426
2636,3157
2637,8074
2638,3157
2639,8074
2640,14325
2641,6583
2642,14446
2643,5524
2644,15035
2645,8074
2646,8074
2647,8074
2648,9157
2649,8074
2650,3641
2651,15035
2652,7877
2653,8074
2654,5921
2655,8074
2656,8074
2657,8074
2658,14446
2659,8074
2660,8074
2661,5091
2662,8074
2663,6771
2664,8074
2665,8074
2666,5524
2667,3641
2668,7877
2669,7877
2670,8074
2671,8670
2672,0
2673,5659
2674,8074
2675,5921
2676,8074
2677,8074
2678,8074
2679,3157
2680,8074
2681,8074
2682,9157
2683,5921
2684,3641
2685,3641
2686,3157
2687,3641
2688,5009
2689,8074
2690,8973
2691,3157
2692,5868
2693,8074
2694,9211
2695,8074
2696,8074
2697,8074
2698,5524
2699,3157
2700,9157
2701,8074
2702,8074
2703,15035
2704,8973
2705,8074
2706,14325
2707,8074
2708,3157
2709,8074
2710,7877
2711,8973
2712,8074
2713,5921
2714,8074
2715,8074
2716,3641
2717,9091
2718,8074
2719,14446
2720,8074
2721,8074
2722,7527
2723,9157
2724,5659
2725,5921
2726,7467
2727,8074
2728,3641
2729,8074
2730,8074
2731,9157
2732,0
2733,8074
2734,6420
2735,6583
2736,6624
2737,14325
2738,9091
2739,3989
2740,5524
2741,8074
2742,8074
2743,8973
2744,5921
2745,3157
2746,8074
2747,3641
2748,15035
2749,8074
2750,4823
2751,3157
2752,3157
2753,3157
2754,8074
2755,8074
2756,5524
2757,7527
2758,8074
2759,8074
2760,3157
2761,6420
2762,5008
2763,8074
2764,8074
2765,14446
2766,5524
2767,14325
2768,5868
2769,8074
2770,4614
2771,8074
2772,8074
2773,8074
2774,7877
2775,8074
2776,8074
2777,9157
2778,8074
2779,3157
2780,9157
2781,7096
2782,9157
2783,8074
2784,3641
2785,9157
2786,9157
2787,8074
2788,7877
2789,3157
2790,7877
2791,5921
2792,8074
2793,8074
2794,8074
2795,8074
2796,6190
2797,8074
2798,14446
2799,8074
2800,9157
2801,4961
2802,8074
2803,14446
2804,7877
2805,9091
2806,8074
2807,14325
2808,8074
2809,14446
2810,8074
2811,8074
2812,8074
2813,9211
2814,4961
2815,3641
2816,6837
2817,5355
2818,8074
2819,3157
2820,8074
2821,5868
2822,7527
2823,8074
2824,8074
2825,8074
2826,15035
2827,6190
2828,8074
2829,9211
2830,8074
2831,8670
2832,3989
2833,8074
2834,8074
2835,8074
2836,8074
2837,6174
2838,5009
2839,8074
2840,3641
2841,8074
2842,8074
2843,8670
2844,8074
2845,3641
2846,3157
2847,6339
2848,8074
2849,5524
2850,8074
2851,8074
2852,8074
2853,5921
2854,8074
2855,14446
2856,3641
2857,8074
2858,5008
2859,8074
2860,8074
2861,14446
2862,14446
2863,5659
2864,15035
2865,8074
2866,14446
2867,5355
2868,3157
2869,8074
2870,8074
2871,3641
2872,3157
2873,16167
2874,3157
2875,14446
2876,8973
2877,8074
2878,8074
2879,8074
2880,7527
2881,8074
2882,8074
2883,8074
2884,8074
2885,15035
2886,3641
2887,8074
2888,9157
2889,8074
2890,8074
2891,8074
2892,8074
2893,8074
2894,8074
2895,8074
2896,0
2897,8074
2898,5355
2899,8074
2900,8074
2901,7877
2902,6478
2903,5921
2904,8608
2905,3157
2906,5868
2907,15035
2908,7527
2909,5524
2910,6174
2911,4961
2912,573
2913,8074
2914,3641
2915,14446
2916,8074
2917,5524
2918,3641
2919,6906
2920,8074
2921,15035
2922,3157
2923,8074
2924,8074
2925,9091
2926,5921
2927,14446
2928,5921
2929,8670
2930,8074
2931,8074
2932,8670
2933,5659
2934,14446
2935,8074
2936,6190
2937,15035
2938,8074
2939,8670
2940,15035
2941,8074
2942,8074
2943,8074
2944,15035
2945,7134
2946,14446
2947,8074
2948,9157
2949,8074
2950,9157
2951,8074
2952,15035
2953,8074
2954,8074
2955,8074
2956,8074
2957,5921
2958,7633
2959,0
2960,8074
2961,3157
2962,8074
2963,8608
2964,4961
2965,8074
2966,3157
2967,8074
2968,7939
2969,8973
2970,16167
2971,4614
2972,8074
2973,5355
2974,3157
2975,8074
2976,8074
2977,9157
2978,8074
2979,5008
2980,6837
2981,8074
2982,5091
2983,3989
2984,5009
2985,5524
2986,8074
2987,5921
2988,8074
2989,8074
2990,5868
2991,8074
2992,8074
2993,3641
2994,8074
2995,3641
2996,8074
2997,8074
2998,5009
2999,8074
3000,8074
3001,3641
3002,14446
3003,8074
3004,8465
3005,5659
3006,5921
3007,14446
3008,8074
3009,7633
3010,8074
3011,14446
3012,8074
3013,3641
3014,8074
3015,5009
3016,6980
3017,6583
3018,8074
3019,8074
3020,14325
3021,9091
3022,6624
3023,8074
3024,5524
3025,8074
3026,8074
3027,8074
3028,8074
3029,5524
3030,3641
3031,14325
3032,8074
3033,8074
3034,4961
3035,8074
3036,5524
3037,8074
3038,9091
3039,4961
3040,8074
3041,3157
3042,8074
3043,8074
3044,8074
3045,8074
3046,8074
3047,3157
3048,3641
3049,9157
3050,4338
3051,8074
3052,6583
3053,3641
3054,5524
3055,14446
3056,8074
3057,14325
3058,8074
3059,8074
3060,4961
3061,8074
3062,8074
3063,4338
3064,8074
3065,8074
3066,14446
3067,3641
3068,9157
3069,8074
3070,8074
3071,8074
3072,3641
3073,3641
3074,9091
3075,15035
3076,8074
3077,9211
3078,8074
3079,6583
3080,4961
3081,8074
3082,3641
3083,3157
3084,8074
3085,7877
3086,3989
3087,8074
3088,8074
3089,3641
3090,8074
3091,8608
3092,8074
3093,3157
3094,8074
3095,0
3096,8074
3097,7527
3098,6906
3099,8074
3100,9157
3101,3157
3102,14446
3103,8074
3104,8074
3105,5921
3106,8074
3107,3641
3108,8074
3109,8074
3110,8074
3111,8074
3112,3157
3113,7527
3114,8074
3115,7096
3116,3641
3117,5009
3118,9157
3119,5524
3120,8074
3121,8074
3122,3641
3123,6906
3124,8074
3125,3641
3126,8074
3127,5659
3128,14446
3129,6980
3130,8074
3131,5524
3132,7877
3133,8074
3134,14446
3135,9091
3136,8074
3137,14446
3138,8074
3139,8074
3140,8074
3141,8074
3142,8074
3143,3157
3144,14446
3145,5091
3146,8074
3147,7467
3148,7877
3149,6837
3150,8074
3151,5921
3152,7877
3153,8074
3154,8074
3155,5008
3156,7096
3157,4823
3158,8074
3159,14446
3160,5524
3161,8074
3162,7527
3163,6980
3164,8074
3165,8074
3166,5868
3167,5524
3168,8074
3169,8074
3170,5921
3171,14325
3172,14446
3173,8074
3174,14446
3175,8074
3176,8074
3177,8074
3178,3157
3179,8074
3180,5921
3181,5091
3182,8074
3183,8074
3184,5524
3185,7467
3186,3641
3187,8074
3188,5009
3189,3157
3190,5009
3191,6906
3192,4338
3193,8074
3194,14446
3195,7527
3196,8074
3197,8074
3198,14446
3199,5868
3200,8074
3201,5921
3202,8074
3203,9157
3204,8608
3205,8074
3206,9091
3207,4823
3208,8074
3209,7877
3210,9157
3211,8074
3212,5008
3213,8074
3214,8074
3215,8074
3216,6906
3217,8074
3218,3641
3219,3157
3220,7877
3221,3157
3222,3641
3223,8074
3224,14325
3225,5921
3226,8074
3227,3641
3228,9157
3229,8074
3230,8074
3231,3989
3232,5008
3233,5659
3234,8074
3235,7877
3236,8608
3237,8074
3238,7467
3239,8074
3240,8074
3241,8074
3242,9091
3243,14325
3244,3157
3245,8074
3246,7096
3247,14446
3248,8074
3249,7939
3250,8074
3251,8074
3252,9157
3253,5921
3254,5524
3255,5524
3256,5868
3257,8074
3258,8074
3259,7467
3260,7633
3261,8074
3262,9157
3263,14325
3264,6174
3265,14446
3266,7939
3267,8074
3268,5659
3269,14446
3270,8074
3271,9211
3272,8074
3273,8973
3274,8074
3275,9157
3276,15035
3277,7527
3278,8074
3279,7294
3280,6837
3281,3641
3282,5659
3283,5091
3284,5008
3285,14325
3286,8074
3287,8074
3288,8074
3289,3157
3290,8074
3291,9157
3292,15035
3293,7633
3294,8074
3295,9211
3296,3641
3297,14446
3298,3989
3299,8670
3300,15035
3301,3989
3302,3157
3303,3641
3304,15035
3305,8074
3306,8074
3307,5659
3308,8074
3309,5524
3310,14446
3311,8608
3312,9157
3313,8074
3314,3157
3315,8074
3316,3641
3317,8074
3318,9157
3319,4823
3320,3157
3321,3641
3322,6583
3323,8074
3324,3641
3325,9916
3326,14446
3327,5008
3328,4961
3329,8074
3330,8074
3331,6174
3332,9091
3333,3157
3334,7527
3335,8074
3336,5659
3337,8074
3338,8465
3339,5659
3340,7464
3341,7877
3342,8074
3343,8074
3344,5008
3345,3157
3346,9091
3347,5659
3348,8074
3349,3157
3350,3641
3351,5008
3352,8074
3353,8074
3354,3641
3355,7877
3356,8074
3357,5659
3358,15035
3359,9157
3360,8074
3361,8074
3362,8074
3363,3641
3364,5355
3365,8074
3366,5524
3367,6190
3368,8074
3369,3641
3370,5091
3371,9157
3372,8074
3373,9211
3374,8670
3375,7877
3376,3157
3377,3157
3378,5355
3379,3989
3380,4961
3381,573
3382,8074
3383,5868
3384,6980
3385,8074
3386,8074
3387,5659
3388,6583
3389,8074
3390,7467
3391,7877
3392,3157
3393,9157
3394,8465
3395,8074
3396,8074
3397,8074
3398,14446
3399,8074
3400,9157
3401,8074
3402,8074
3403,4823
3404,14325
3405,8074
3406,3157
3407,7877
3408,6190
3409,8074
3410,7294
3411,6980
3412,8074
3413,8074
3414,8994
3415,3157
3416,5921
3417,9157
3418,8074
3419,8074
3420,3641
3421,3641
3422,8074
3423,8074
3424,9211
3425,8074
3426,5009
3427,8074
3428,14325
3429,15035
3430,3641
3431,5524
3432,8074
3433,9091
3434,14446
3435,14446
3436,3157
3437,8074
3438,3157
3439,3157
3440,3157
3441,5659
3442,9211
3443,6837
3444,3157
3445,5868
3446,5524
3447,5921
3448,6906
3449,9211
3450,8074
3451,14446
3452,6837
3453,8074
3454,3157
3455,9157
3456,14446
3457,8074
3458,14446
3459,6980
3460,8074
3461,8973
3462,5921
3463,8074
3464,3641
3465,6583
3466,8074
3467,8074
3468,8074
3469,3641
3470,14446
3471,3157
3472,3157
3473,3157
3474,5524
3475,8973
3476,7527
3477,6174
3478,8074
3479,6837
3480,8074
3481,7633
3482,14325
3483,8074
3484,7877
3485,8074
3486,8074
3487,8074
3488,9399
3489,14446
3490,9157
3491,8074
3492,7467
3493,5921
3494,3157
3495,8250
3496,8074
3497,8074
3498,7527
3499,8074
3500,8074
3501,8074
3502,5659
3503,8074
3504,8163
3505,8465
3506,8608
3507,14446
3508,8074
3509,5868
3510,8074
3511,3157
3512,8074
3513,7877
3514,8074
3515,3157
3516,8074
3517,3157
3518,9211
3519,4338
3520,8074
3521,8074
3522,14446
3523,14446
3524,5524
3525,5659
3526,8074
3527,8074
3528,8074
3529,3157
3530,5868
3531,8608
3532,15035
3533,8074
3534,8074
3535,4961
3536,8074
3537,6190
3538,8074
3539,8074
3540,8074
3541,8074
3542,8074
3543,7294
3544,5355
3545,5426
3546,3157
3547,8074
3548,8074
3549,573
3550,8074
3551,3641
3552,3157
3553,0
3554,4123
3555,7877
3556,3641
3557,3641
3558,8074
3559,7877
3560,7877
3561,8074
3562,3157
3563,8465
3564,3157
3565,8074
3566,8074
3567,3157
3568,5008
3569,6906
3570,8074
3571,5659
3572,5355
3573,14325
3574,3157
3575,5659
3576,14446
3577,3989
3578,3157
3579,8608
3580,8074
3581,8074
3582,14325
3583,8074
3584,3157
3585,5355
3586,8074
3587,8973
3588,3157
3589,8074
3590,3641
3591,6771
3592,14446
3593,8074
3594,8074
3595,14446
3596,3641
3597,3641
3598,9211
3599,7527
3600,8973
3601,5868
3602,0
3603,9157
3604,7877
3605,8074
3606,8074
3607,15035
3608,6583
3609,8074
3610,8074
3611,8074
3612,9211
3613,8074
3614,8074
3615,3641
3616,5524
3617,8074
3618,5921
3619,3157
3620,6906
3621,8074
3622,4961
3623,15035
3624,3157
3625,14446
3626,8074
3627,3157
3628,8074
3629,5091
3630,8608
3631,5868
3632,6190
3633,8973
3634,8074
3635,8074
3636,8074
3637,4338
3638,3157
3639,8074
3640,6420
3641,3157
3642,3641
3643,3641
3644,5008
3645,8074
3646,8074
3647,5524
3648,8074
3649,5009
3650,9157
3651,3641
3652,7467
3653,6133
3654,4823
3655,7467
3656,6133
3657,7877
3658,8074
3659,8074
3660,8074
3661,8074
3662,8074
3663,3641
3664,8074
3665,3641
3666,3641
3667,8074
3668,9211
3669,8074
3670,6190
3671,7877
3672,5355
3673,3641
3674,3157
3675,8074
3676,8074
3677,8973
3678,7467
3679,8074
3680,5091
3681,3157
3682,5659
3683,8074
3684,9157
3685,8074
3686,8074
3687,5008
3688,5921
3689,3641
3690,8074
3691,8465
3692,7467
3693,8670
3694,3157
3695,3641
3696,3157
3697,5524
3698,8670
3699,6771
3700,14446
3701,8074
3702,8074
3703,3641
3704,6624
3705,573
3706,6583
3707,5524
3708,3989
3709,9157
3710,8074
3711,4961
3712,5008
3713,6837
3714,9091
3715,6980
3716,8074
3717,14446
3718,8074
3719,5008
3720,8074
3721,8670
3722,8074
3723,8074
3724,573
3725,5524
3726,5008
3727,8608
3728,8074
3729,14446
3730,8074
3731,5921
3732,8074
3733,8074
3734,3157
3735,3157
3736,8074
3737,8074
3738,8973
3739,3157
3740,8074
3741,3641
3742,8074
3743,8074
3744,14446
3745,8074
3746,14446
3747,8074
3748,8074
3749,8074
3750,8074
3751,8074
3752,8074
3753,8074
3754,8670
3755,8074
3756,8074
3757,8074
3758,8074
3759,7633
3760,5524
3761,7633
3762,6980
3763,6906
3764,7633
3765,9091
3766,9091
3767,9091
3768,5524
3769,6624
3770,6906
3771,4961
3772,14446
3773,6074
3774,14446
3775,9091
3776,14446
3777,6624
3778,6624
3779,6906
3780,5524
3781,6980
3782,4961
3783,9091
3784,9091
3785,7633
3786,7633
3787,7134
3788,7134
3789,7633
3790,7633
3791,7134
3792,7134
3793,7633
3794,7134
3795,5524
3796,6906
3797,6074
3798,5524
3799,7134
3800,4961
3801,5524
3802,6980
3803,6624
3804,7633
3805,7633
3806,9091
3807,9091
3808,14446
3809,9091
3810,6339
3811,6906
3812,9091
3813,9091
3814,5008
3815,7633
3816,7633
3817,7134
3818,7134
3819,5921
3820,5091
3821,5091
3822,7134
3823,7633
3824,9091
3825,8608
3826,6339
3827,6624
3828,9091
3829,9091
3830,9091
3831,6624
3832,9091
3833,14446
3834,6906
3835,5524
3836,7633
3837,8608
3838,5524
3839,6420
3840,5524
3841,9091
3842,6980
3843,14446
3844,14446
3845,4961
3846,7134
3847,6980
3848,6420
3849,7633
3850,6906
3851,6980
3852,6980
3853,6339
3854,5524
3855,5524
3856,6420
3857,8608
3858,6624
3859,4961
3860,5524
3861,9091
3862,7633
3863,7134
3864,7134
3865,7633
3866,14446
3867,5524
3868,5091
3869,6624
3870,7134
3871,7633
3872,6624
3873,9091
3874,6906
3875,5659
3876,5091
3877,7633
3878,7633
3879,9091
3880,7134
3881,9091
3882,7134
3883,6583
3884,5659
3885,6583
3886,6583
3887,6020
3888,6020
3889,6020
3890,6583
3891,6583
3892,6020
3893,6020
3894,6339
3895,6339
3896,5659
3897,9091
3898,5659
3899,8608
3900,5659
3901,7134
3902,7633
3903,7633
3904,7134
3905,4961
3906,4961
3907,5524
3908,5659
3909,9091
3910,7134
3911,7134
3912,4961
3913,5524
3914,5524
3915,6980
3916,6339
3917,6339
3918,8608
3919,6624
3920,7633
3921,7633
3922,6420
3923,6420
3924,6420
3925,9091
3926,5921
3927,5524
3928,4961
3929,5524
3930,9091
3931,9091
3932,6906
3933,7633
3934,4961
3935,8608
3936,6420
3937,6624
3938,9091
3939,5091
3940,5524
3941,6339
3942,6339
3943,8608
3944,5355
3945,5355
3946,9091
3947,6339
3948,8608
3949,5355
3950,9091
3951,9091
3952,9091
3953,7633
3954,4961
3955,6980
3956,7633
3957,7633
3958,9091
3959,9091
3960,6980
3961,5524
3962,6020
3963,6020
3964,6980
3965,7134
3966,4961
3967,5524
3968,6980
3969,6420
3970,6980
3971,6980
3972,4961
3973,14446
3974,14325
3975,7134
3976,7633
3977,7134
3978,6420
3979,6420
3980,6583
3981,6624
3982,5524
3983,6624
3984,7633
3985,5524
3986,7633
3987,6624
3988,6906
3989,5659
3990,7633
3991,5659
3992,5524
3993,5659
3994,6420
3995,8608
3996,6420
3997,5659
3998,7633
3999,6583
4000,6583
4001,6074
4002,8608
4003,9091
4004,7134
4005,6980
4006,6837
4007,14446
4008,5921
4009,6074
4010,6980
4011,6420
4012,6906
4013,5659
4014,9091
4015,6583
4016,6624
4017,5091
4018,9091
4019,6074
4020,6583
4021,8608
4022,5659
4023,5524
4024,6583
4025,5524
4026,6624
4027,6906
4028,9091
4029,5921
4030,6624
4031,6906
4032,5091
4033,9091
4034,5091
4035,9091
4036,9091
4037,5524
4038,6837
4039,6339
4040,6420
4041,6906
4042,6020
4043,7633
4044,7633
4045,7134
4046,7633
4047,5659
4048,6906
4049,6980
4050,6980
4051,6583
4052,6583
4053,6020
4054,6624
4055,9091
4056,6624
4057,6074
4058,7633
4059,5659
4060,6624
4061,6624
4062,6906
4063,6420
4064,6980
4065,6583
4066,6583
4067,6420
4068,6020
4069,7134
4070,7134
4071,4614
4072,7134
4073,5355
4074,9091
4075,5921
4076,9091
4077,9091
4078,5921
4079,5524
4080,6980
4081,5355
4082,7633
4083,8608
4084,8608
4085,5355
4086,5524
4087,6420
4088,7633
4089,6339
4090,9091
4091,6906
4092,6583
4093,5868
4094,4961
4095,7633
4096,5921
4097,7633
4098,7633
4099,7633
4100,9091
4101,9091
4102,14446
4103,9091
4104,9091
4105,5524
4106,5524
4107,9091
4108,7134
4109,14325
4110,6906
4111,9091
4112,9091
4113,9091
4114,9091
4115,9091
4116,6980
4117,14446
4118,9091
4119,9091
4120,5524
4121,7633
4122,7633
4123,7633
4124,5524
4125,7633
4126,7134
4127,7134
4128,9091
4129,5524
4130,9091
4131,5524
4132,5524
4133,4961
4134,5524
4135,7633
4136,7633
4137,5690
4138,9091
4139,14446
4140,14325
4141,4961
4142,9091
4143,14446
4144,9091
4145,9091
4146,7633
4147,7633
4148,7633
4149,7633
4150,7633
4151,7633
4152,7633
4153,7134
4154,7134
4155,6980
4156,14446
4157,14446
4158,5690
4159,4961
4160,5524
4161,6906
4162,9091
4163,14446
4164,6980
4165,5091
4166,8608
4167,7134
4168,7134
4169,9091
4170,7633
4171,7633
4172,9091
4173,9091
4174,9091
4175,14446
4176,6624
4177,6906
4178,5921
4179,8608
4180,7633
4181,6980
4182,6980
4183,6980
4184,7633
4185,7633
4186,9091
4187,14446
4188,6074
4189,7134
4190,6339
4191,4961
4192,14446
4193,6339
4194,6624
4195,14446
4196,6624
4197,6980
4198,6980
4199,4961
4200,6980
4201,7134
4202,7134
4203,6980
4204,6624
4205,6420
4206,6624
4207,9091
4208,8608
4209,5921
4210,5921
4211,6980
4212,6980
4213,5524
4214,4961
4215,5524
4216,5091
4217,6339
4218,6020
4219,6020
4220,6583
4221,6020
4222,6583
4223,6020
4224,6583
4225,6020
4226,6074
4227,6624
4228,14446
4229,5659
4230,6837
4231,5659
4232,6906
4233,7134
4234,6624
4235,6624
4236,5091
4237,14325
4238,5524
4239,6074
4240,9091
4241,9091
4242,7134
4243,6420
4244,6420
4245,6980
4246,6980
4247,6906
4248,5524
4249,6020
4250,7134
4251,5355
4252,6980
4253,6420
4254,6583
4255,6583
4256,6624
4257,7633
4258,7134
4259,5524
4260,7633
4261,7633
4262,7134
4263,7633
4264,5921
4265,5524
4266,5524
4267,7633
4268,5524
4269,7633
4270,5921
4271,5524
4272,6020
4273,7134
4274,6339
4275,6906
4276,5524
4277,5524
4278,5355
4279,5921
4280,5921
4281,5921
4282,5524
4283,6074
4284,5355
4285,6420
4286,6980
4287,8608
4288,8608
4289,14325
4290,6980
4291,7134
4292,9091
4293,8608
4294,5659
4295,5524
4296,6583
4297,6624
4298,6583
4299,9091
4300,9091
4301,5524
4302,6420
4303,5091
4304,14446
4305,6906
4306,8608
4307,14446
4308,5091
4309,4961
4310,5524
4311,6420
4312,6980
4313,6980
4314,7633
4315,6074
4316,7633
4317,5659
4318,7134
4319,5524
4320,5524
4321,5091
4322,6074
4323,5091
4324,7134
4325,6074
4326,5921
4327,6074
4328,6906
4329,5008
4330,5868
4331,6980
4332,9091
4333,9091
4334,5921
4335,6624
4336,6074
4337,7633
4338,7633
4339,6906
4340,5091
4341,6980
4342,5659
4343,7633
4344,5921
4345,5524
4346,5524
4347,7633
4348,9091
4349,6980
4350,6583
4351,6020
4352,14325
4353,5091
4354,5921
4355,9091
4356,5921
4357,6906
4358,6074
4359,6074
4360,9091
4361,7633
4362,8608
4363,9091
4364,6583
4365,6837
4366,9091
4367,6906
4368,6624
4369,7134
4370,5091
4371,6980
4372,6583
4373,6074
4374,6906
4375,6624
4376,5921
4377,5659
4378,6624
4379,6074
4380,6906
4381,6583
4382,6583
4383,4961
4384,6906
4385,4961
4386,5921
4387,7134
4388,5921
4389,5921
4390,9091
4391,9091
4392,5868
4393,5921
4394,7633
4395,6420
4396,6980
4397,5921
4398,6583
4399,5524
4400,6074
4401,6906
4402,7633
4403,7134
4404,9091
4405,9091
4406,7633
4407,6339
4408,7134
4409,7633
4410,5524
4411,7633
4412,7633
4413,7633
4414,7633
4415,7134
4416,7633
4417,4961
4418,8608
4419,9091
4420,5524
4421,4961
4422,8608
4423,9091
4424,4961
4425,6339
4426,7633
4427,14446
4428,5524
4429,14446
4430,7467
4431,7467
4432,7467
4433,7633
4434,5524
4435,5524
4436,14446
4437,9091
4438,9091
4439,6906
4440,6906
4441,6980
4442,5659
4443,14446
4444,9091
4445,9091
4446,7633
4447,7134
4448,7633
4449,7633
4450,7633
4451,6980
4452,4961
4453,5524
4454,8608
4455,8608
4456,7633
4457,6339
4458,7633
4459,7633
4460,7134
4461,5524
4462,7134
4463,7633
4464,7633
4465,5659
4466,9091
4467,14446
4468,9091
4469,4961
4470,9091
4471,9091
4472,7633
4473,6339
4474,7633
4475,7633
4476,7633
4477,7134
4478,4961
4479,4961
4480,7633
4481,7633
4482,6074
4483,7134
4484,9091
4485,8608
4486,9091
4487,9091
4488,4961
4489,7134
4490,7633
4491,8608
4492,5524
4493,7633
4494,6980
4495,8608
4496,8608
4497,8608
4498,6906
4499,5524
4500,5008
4501,6339
4502,14446
4503,14446
4504,5524
4505,6624
4506,6624
4507,6906
4508,9091
4509,9091
4510,6906
4511,14446
4512,14446
4513,9091
4514,9091
4515,9091
4516,6906
4517,5524
4518,6339
4519,5091
4520,7633
4521,6980
4522,6980
4523,4961
4524,7134
4525,6906
4526,6980
4527,7134
4528,7633
4529,7633
4530,7633
4531,5091
4532,6624
4533,6980
4534,6980
4535,4961
4536,9091
4537,6339
4538,9091
4539,14446
4540,4961
4541,4961
4542,4961
4543,4961
4544,8608
4545,5091
4546,7633
4547,6980
4548,6420
4549,5091
4550,6624
4551,5524
4552,6420
4553,14446
4554,6906
4555,7134
4556,7134
4557,5659
4558,5524
4559,7633
4560,5921
4561,6624
4562,6074
4563,5659
4564,6583
4565,6583
4566,6583
4567,6020
4568,6020
4569,6583
4570,6583
4571,6583
4572,6420
4573,9091
4574,9091
4575,8608
4576,8608
4577,7633
4578,7633
4579,7633
4580,6074
4581,6906
4582,5524
4583,6624
4584,6339
4585,5921
4586,5659
4587,9091
4588,6074
4589,5524
4590,6420
4591,8608
4592,7633
4593,9091
4594,8608
4595,6624
4596,5524
4597,7633
4598,6339
4599,5355
4600,6074
4601,9091
4602,5355
4603,5091
4604,7633
4605,7134
4606,4961
4607,5921
4608,7633
4609,5921
4610,6980
4611,5921
4612,8608
4613,6583
4614,6020
4615,6583
4616,6980
4617,6339
4618,14446
4619,8608
4620,5091
4621,5524
4622,6980
4623,5091
4624,5659
4625,7633
4626,7134
4627,7134
4628,6980
4629,5524
4630,6624
4631,14446
4632,6420
4633,7633
4634,8608
4635,9091
4636,6980
4637,6583
4638,7134
4639,7134
4640,5524
4641,5524
4642,6980
4643,8608
4644,14446
4645,14325
4646,6980
4647,4961
4648,14446
4649,14325
4650,14446
4651,4961
4652,6980
4653,8608
4654,14325
4655,5659
4656,5091
4657,6624
4658,7633
4659,5921
4660,7633
4661,7633
4662,6906
4663,5659
4664,5091
4665,5524
4666,9091
4667,7633
4668,5524
4669,6339
4670,5524
4671,6583
4672,6020
4673,6583
4674,5659
4675,5524
4676,5659
4677,6624
4678,6624
4679,6906
4680,7134
4681,7134
4682,7633
4683,9091
4684,6624
4685,4961
4686,6980
4687,8163
4688,8608
4689,9091
4690,5659
4691,6624
4692,6074
4693,4614
4694,7633
4695,5921
4696,5659
4697,6074
4698,8608
4699,8608
4700,8608
4701,6624
4702,6583
4703,6906
4704,6074
4705,5091
4706,14325
4707,14446
4708,5524
4709,5091
4710,6074
4711,8163
4712,9091
4713,14325
4714,8608
4715,5008
4716,5921
4717,5868
4718,5524
4719,9091
4720,8163
4721,5921
4722,7134
4723,6074
4724,6583
4725,6583
4726,5355
4727,9091
4728,6339
4729,5868
4730,5524
4731,6020
4732,5091
4733,5091
4734,6420
4735,6980
4736,8608
4737,6583
4738,6980
4739,6074
4740,6074
4741,4961
4742,5524
4743,5524
4744,9091
4745,6074
4746,5659
4747,4961
4748,6906
4749,6624
4750,7134
4751,6420
4752,4961
4753,5921
4754,6420
4755,5921
4756,6074
4757,4961
4758,5524
4759,5524
4760,6420
4761,7134
4762,9091
4763,6020
4764,5921
4765,6980
4766,6906
4767,6906
4768,6980
4769,7134
4770,5921
4771,7633
4772,7633
4773,7633
4774,7633
4775,7134
4776,7633
4777,7633
4778,6980
4779,6980
4780,14446
4781,6906
4782,5524
4783,9091
4784,9091
4785,8608
4786,14446
4787,14446
4788,6906
4789,4961
4790,7633
4791,6906
4792,5524
4793,3157
4794,14446
4795,9091
4796,4961
4797,9091
4798,6906
4799,6906
4800,6906
4801,6980
4802,9091
4803,14446
4804,14446
4805,5524
4806,9091
4807,7633
4808,7633
4809,7633
4810,7134
4811,7134
4812,5524
4813,5921
4814,7633
4815,7633
4816,7134
4817,7633
4818,6906
4819,6980
4820,6074
4821,5524
4822,6980
4823,4961
4824,14446
4825,4961
4826,5355
4827,4961
4828,6624
4829,7633
4830,7633
4831,7633
4832,7633
4833,7633
4834,5091
4835,7134
4836,7134
4837,5659
4838,6980
4839,6980
4840,6980
4841,7633
4842,14446
4843,7134
4844,7633
4845,9091
4846,7633
4847,7633
4848,5659
4849,9091
4850,9091
4851,6980
4852,4961
4853,4961
4854,7633
4855,7633
4856,6906
4857,14446
4858,7134
4859,5524
4860,6624
4861,7633
4862,9091
4863,6339
4864,6339
4865,8608
4866,6906
4867,9091
4868,5659
4869,8608
4870,6624
4871,8608
4872,7633
4873,7134
4874,7134
4875,14446
4876,6980
4877,6980
4878,6906
4879,6906
4880,6624
4881,6980
4882,7633
4883,7633
4884,7633
4885,5921
4886,14446
4887,6624
4888,6980
4889,14446
4890,8608
4891,14446
4892,14446
4893,6624
4894,6339
4895,7633
4896,6906
4897,14446
4898,6339
4899,9091
4900,8608
4901,5524
4902,5659
4903,5091
4904,5091
4905,5091
4906,6624
4907,7134
4908,6583
4909,6583
4910,6020
4911,6583
4912,6020
4913,6583
4914,6583
4915,6583
4916,6583
4917,6583
4918,6906
4919,14446
4920,5091
4921,5091
4922,5524
4923,7134
4924,5659
4925,5091
4926,6074
4927,8608
4928,9091
4929,6980
4930,5921
4931,6420
4932,5921
4933,5659
4934,5659
4935,6624
4936,7633
4937,6420
4938,6906
4939,7633
4940,7633
4941,5091
4942,5524
4943,6980
4944,6420
4945,6339
4946,7134
4947,6980
4948,6906
4949,7633
4950,6906
4951,4961
4952,9091
4953,5524
4954,5659
4955,6906
4956,9091
4957,5524
4958,6906
4959,6980
4960,6980
4961,9091
4962,5008
4963,8608
4964,5524
4965,5355
4966,4961
4967,6980
4968,6339
4969,14446
4970,6583
4971,6583
4972,6583
4973,9091
4974,5524
4975,6420
4976,6980
4977,5524
4978,14446
4979,9091
4980,6906
4981,7939
4982,4961
4983,6339
4984,9091
4985,5659
4986,6074
4987,6339
4988,7134
4989,6624
4990,6624
4991,7633
4992,5659
4993,7633
4994,7633
4995,6074
4996,7633
4997,7633
4998,7633
4999,6339
5000,7633
5001,8608
5002,6020
5003,8608
5004,6906
5005,6339
5006,6906
5007,6583
5008,5659
5009,5868
5010,5921
5011,5868
5012,5659
5013,6906
5014,8608
5015,9091
5016,6339
5017,5921
5018,5659
5019,9091
5020,5921
5021,7633
5022,9091
5023,14325
5024,7134
5025,5921
5026,5355
5027,9091
5028,5524
5029,5659
5030,6624
5031,7633
5032,7134
5033,6583
5034,8608
5035,9091
5036,6980
5037,5921
5038,6624
5039,8608
5040,7134
5041,5921
5042,5355
5043,6583
5044,8608
5045,6624
5046,9091
5047,5091
5048,5091
5049,5659
5050,9091
5051,7134
5052,9091
5053,8608
5054,5921
5055,6906
5056,6420
5057,5868
5058,6624
5059,6339
5060,6906
5061,7633
5062,7633
5063,6906
5064,5921
5065,6906
5066,6339
5067,5921
5068,6583
5069,7134
5070,7633
5071,5921
5072,5921
5073,5524
5074,9091
5075,5921
5076,5524
5077,5921
5078,5921
5079,7877
5080,7134
5081,7633
5082,5524
5083,6906
5084,6906
5085,9091
5086,5355
5087,6420
5088,6980
5089,5524
5090,6074
5091,4614
5092,7633
5093,7633
5094,7633
5095,9091
5096,6339
5097,7633
5098,7633
5099,7633
5100,7633
5101,7633
5102,9091
5103,5524
5104,9091
5105,7633
5106,5524
5107,14446
5108,9091
5109,9091
5110,5524
5111,9091
5112,6980
5113,7633
5114,14446
5115,14446
5116,7134
5117,7134
5118,14446
5119,6906
5120,6906
5121,14446
5122,5524
5123,5690
5124,9091
5125,14446
5126,9091
5127,8608
5128,9091
5129,14446
5130,14446
5131,9091
5132,14446
5133,7134
5134,7633
5135,7633
5136,7633
5137,7134
5138,4961
5139,5524
5140,4961
5141,5524
5142,5524
5143,4961
5144,5659
5145,6339
5146,7633
5147,7633
5148,7633
5149,7633
5150,5524
5151,4961
5152,7633
5153,7134
5154,9091
5155,9091
5156,9091
5157,6980
5158,6980
5159,14446
5160,14325
5161,4961
5162,14446
5163,4961
5164,9091
5165,9091
5166,7633
5167,7633
5168,7633
5169,7633
5170,7134
5171,14325
5172,6624
5173,14446
5174,7633
5175,9091
5176,9091
5177,9091
5178,5524
5179,5524
5180,5524
5181,9091
5182,9091
5183,8608
5184,5524
5185,5659
5186,9091
5187,9091
5188,9091
5189,7633
5190,6074
5191,6624
5192,6906
5193,4961
5194,14446
5195,14446
5196,9091
5197,9091
5198,14446
5199,8608
5200,14446
5201,14446
5202,4961
5203,8608
5204,6980
5205,6980
5206,5524
5207,7877
5208,9091
5209,9091
5210,6906
5211,9091
5212,5091
5213,9091
5214,9091
5215,6980
5216,6980
5217,9091
5218,4961
5219,4961
5220,6980
5221,6980
5222,6420
5223,7633
5224,7633
5225,6624
5226,6906
5227,4961
5228,5091
5229,6980
5230,6624
5231,14446
5232,6837
5233,14325
5234,9091
5235,6339
5236,9091
5237,5091
5238,6906
5239,6980
5240,7134
5241,6420
5242,9091
5243,8608
5244,5524
5245,7633
5246,7633
5247,9091
5248,6339
5249,5091
5250,6583
5251,6020
5252,6583
5253,6020
5254,6583
5255,6583
5256,6583
5257,6020
5258,6583
5259,6583
5260,6020
5261,6020
5262,14446
5263,14446
5264,5524
5265,9091
5266,5659
5267,5524
5268,4961
5269,6980
5270,9091
5271,5921
5272,7134
5273,5921
5274,5921
5275,6980
5276,5355
5277,4961
5278,6624
5279,5355
5280,6420
5281,7633
5282,6420
5283,4961
5284,4961
5285,6339
5286,8608
5287,7633
5288,5921
5289,5921
5290,8608
5291,9091
5292,8608
5293,8608
5294,5659
5295,5524
5296,5524
5297,6420
5298,9091
5299,9091
5300,5355
5301,6624
5302,4961
5303,5091
5304,5659
5305,7633
5306,7633
5307,6420
5308,4961
5309,6980
5310,14446
5311,14325
5312,8608
5313,7633
5314,9091
5315,5659
5316,8608
5317,4961
5318,6980
5319,6980
5320,7633
5321,7633
5322,5524
5323,4961
5324,14446
5325,6980
5326,5524
5327,14446
5328,14446
5329,8608
5330,6420
5331,6074
5332,6980
5333,9091
5334,4961
5335,7633
5336,5524
5337,5659
5338,6339
5339,6906
5340,6074
5341,7633
5342,6906
5343,7633
5344,6980
5345,8608
5346,8608
5347,7134
5348,7633
5349,5868
5350,6020
5351,6624
5352,5659
5353,5659
5354,5524
5355,6980
5356,5091
5357,6906
5358,6624
5359,6624
5360,5659
5361,6339
5362,6906
5363,7134
5364,6339
5365,7633
5366,5921
5367,5355
5368,5659
5369,5659
5370,9091
5371,6980
5372,9091
5373,6020
5374,5659
5375,5659
5376,9091
5377,9091
5378,7134
5379,6980
5380,6624
5381,6020
5382,6020
5383,6583
5384,6906
5385,9091
5386,5524
5387,5091
5388,4614
5389,8608
5390,9091
5391,9091
5392,9091
5393,14446
5394,5008
5395,7134
5396,7633
5397,6906
5398,6624
5399,6074
5400,6624
5401,6837
5402,5659
5403,6980
5404,6624
5405,6624
5406,6980
5407,6624
5408,6020
5409,5921
5410,6624
5411,5091
5412,6339
5413,6074
5414,6583
5415,5921
5416,6583
5417,7134
5418,5524
5419,6624
5420,6906
5421,6980
5422,6583
5423,7633
5424,5091
5425,9091
5426,9091
5427,6624
5428,4961
5429,5868
5430,7134
5431,6339
5432,7633
5433,5524
5434,5659
5435,5868
5436,5921
5437,6906
5438,6583
5439,5524
5440,7134
5441,8608
5442,7134
5443,8608
5444,7134
5445,5524
5446,6980
5447,6980
5448,5524
5449,6906
5450,5868
5451,6339
5452,7633
5453,5524
5454,7633
5455,7633
5456,7633
5457,14446
5458,9091
5459,8608
5460,9091
5461,14446
5462,9091
5463,7633
5464,5524
5465,7134
5466,7633
5467,14446
5468,4961
5469,7633
5470,14446
5471,5524
5472,4961
5473,5524
5474,9091
5475,5690
5476,6980
5477,6980
5478,14446
5479,14446
5480,5524
5481,7633
5482,7134
5483,6624
5484,7633
5485,7134
5486,7134
5487,4961
5488,5524
5489,7633
5490,7633
5491,7633
5492,7633
5493,7134
5494,4961
5495,5659
5496,9091
5497,8608
5498,9091
5499,8608
5500,14446
5501,14446
5502,14446
5503,4961
5504,5524
5505,7633
5506,7633
5507,7633
5508,7633
5509,7134
5510,7134
5511,4961
5512,7633
5513,6980
5514,5524
5515,5524
5516,7633
5517,7134
5518,8608
5519,9091
5520,4961
5521,7633
5522,7633
5523,4961
5524,4961
5525,6906
5526,9091
5527,8608
5528,6906
5529,6980
5530,14446
5531,4961
5532,7633
5533,7134
5534,6906
5535,9091
5536,6074
5537,6980
5538,6906
5539,9091
5540,14446
5541,9091
5542,5524
5543,7134
5544,7633
5545,5659
5546,9091
5547,8608
5548,9091
5549,5524
5550,7134
5551,4961
5552,6980
5553,4961
5554,6980
5555,5091
5556,7633
5557,6624
5558,6980
5559,14446
5560,9091
5561,6980
5562,5091
5563,6420
5564,6980
5565,8608
5566,5091
5567,14446
5568,5921
5569,6980
5570,7633
5571,9091
5572,8608
5573,14446
5574,6020
5575,6020
5576,6583
5577,6583
5578,6583
5579,6583
5580,6583
5581,6020
5582,6624
5583,6980
5584,14325
5585,5659
5586,9091
5587,7633
5588,7134
5589,5091
5590,6339
5591,5524
5592,8608
5593,6420
5594,6980
5595,4961
5596,6339
5597,6624
5598,6980
5599,6906
5600,6906
5601,7134
5602,7134
5603,6980
5604,8608
5605,14446
5606,6906
5607,6980
5608,6420
5609,6583
5610,8608
5611,7633
5612,7633
5613,8608
5614,5524
5615,7633
5616,6980
5617,5524
5618,6339
5619,9091
5620,5091
5621,7633
5622,9091
5623,5355
5624,6980
5625,6980
5626,6020
5627,6980
5628,6906
5629,9091
5630,5921
5631,5921
5632,6074
5633,9091
5634,9091
5635,6339
5636,7134
5637,7633
5638,8608
5639,7633
5640,5659
5641,6624
5642,6020
5643,6583
5644,6583
5645,6020
5646,4961
5647,6420
5648,14446
5649,14446
5650,14446
5651,14325
5652,5524
5653,6980
5654,4961
5655,9091
5656,5091
5657,5524
5658,5091
5659,5524
5660,6624
5661,4961
5662,7633
5663,7633
5664,5921
5665,6074
5666,6906
5667,6906
5668,6980
5669,6420
5670,5091
5671,6906
5672,5659
5673,5524
5674,6020
5675,6583
5676,6020
5677,6020
5678,4961
5679,6624
5680,5659
5681,7633
5682,6339
5683,9091
5684,6906
5685,6906
5686,7633
5687,9091
5688,6339
5689,5524
5690,5659
5691,5091
5692,9091
5693,6624
5694,9091
5695,6980
5696,9091
5697,6624
5698,7134
5699,5524
5700,6624
5701,9091
5702,6420
5703,6074
5704,9091
5705,6339
5706,8608
5707,9091
5708,5659
5709,6624
5710,9091
5711,9091
5712,6906
5713,5659
5714,9091
5715,8163
5716,9091
5717,7134
5718,9091
5719,6980
5720,9091
5721,9091
5722,6624
5723,6624
5724,7633
5725,5921
5726,8608
5727,5091
5728,6980
5729,6074
5730,6624
5731,6020
5732,6624
5733,6624
5734,5091
5735,7134
5736,5091
5737,6583
5738,5659
5739,5524
5740,5659
5741,6906
5742,4961
5743,8608
5744,8608
5745,6980
5746,6980
5747,6420
5748,6420
5749,6906
5750,7633
5751,7633
5752,6624
5753,6420
5754,5921
5755,8608
5756,7134
5757,4614
5758,7633
5759,7633
5760,6583
5761,8163
5762,5921
5763,4961
5764,6980
5765,7633
5766,9091
5767,9091
5768,7633
5769,5355
5770,7633
5771,5921
5772,7633
5773,4961
5774,5524
5775,7134
5776,14446
5777,9091
5778,4961
5779,14446
5780,14446
5781,14446
5782,9091
5783,5524
5784,5524
5785,6980
5786,6906
5787,9091
5788,4961
5789,9091
5790,6624
5791,14446
5792,14446
5793,5524
5794,4961
5795,6074
5796,5524
5797,9091
5798,6906
5799,4961
5800,9091
5801,6980
5802,14325
5803,7467
5804,9091
5805,14446
5806,7134
5807,7633
5808,7633
5809,7633
5810,7633
5811,7633
5812,7134
5813,4961
5814,7633
5815,6980
5816,14446
5817,14446
5818,14446
5819,4961
5820,7633
5821,9091
5822,9091
5823,5659
5824,7633
5825,7633
5826,7134
5827,7633
5828,7633
5829,7633
5830,7633
5831,7134
5832,7134
5833,7134
5834,7134
5835,7134
5836,5524
5837,7633
5838,14446
5839,7633
5840,7633
5841,7633
5842,7633
5843,8608
5844,9091
5845,8608
5846,6074
5847,6980
5848,14446
5849,7134
5850,5524
5851,6906
5852,5659
5853,9091
5854,8608
5855,9091
5856,8608
5857,6980
5858,7633
5859,4961
5860,6906
5861,9091
5862,9091
5863,14325
5864,14446
5865,7134
5866,7134
5867,8608
5868,8608
5869,7633
5870,5659
5871,5659
5872,8608
5873,14325
5874,6339
5875,6906
5876,6420
5877,6980
5878,6420
5879,6420
5880,5524
5881,9091
5882,8608
5883,8608
5884,8608
5885,7633
5886,7134
5887,7633
5888,6420
5889,6624
5890,7633
5891,6624
5892,5524
5893,7633
5894,9091
5895,14446
5896,6906
5897,6624
5898,9091
5899,14446
5900,14446
5901,6624
5902,9091
5903,8608
5904,5091
5905,5524
5906,6906
5907,6624
5908,4961
5909,6420
5910,5091
5911,7633
5912,7633
5913,8608
5914,14446
5915,6980
5916,6980
5917,9091
5918,6339
5919,6339
5920,6420
5921,7633
5922,6906
5923,9091
5924,6074
5925,6583
5926,6020
5927,6583
5928,6583
5929,6583
5930,6020
5931,6420
5932,9091
5933,6339
5934,14446
5935,5659
5936,9091
5937,8608
5938,8608
5939,7633
5940,7633
5941,7633
5942,6906
5943,4961
5944,5091
5945,6906
5946,5921
5947,5091
5948,4961
5949,4961
5950,6339
5951,6906
5952,8608
5953,7633
5954,5524
5955,5868
5956,6074
5957,6583
5958,7134
5959,7134
5960,7633
5961,6020
5962,6980
5963,7633
5964,6624
5965,5659
5966,5659
5967,7633
5968,6074
5969,4961
5970,6980
5971,9091
5972,5091
5973,7134
5974,7134
5975,8608
5976,5921
5977,7633
5978,7633
5979,9091
5980,5921
5981,8608
5982,6020
5983,8608
5984,7633
5985,8608
5986,5921
5987,9091
5988,8608
5989,8608
5990,9091
5991,5659
5992,6624
5993,6339
5994,6980
5995,7134
5996,7633
5997,6624
5998,6980
5999,6583
6000,5091
6001,5524
6002,6906
6003,7633
6004,7633
6005,7134
6006,5524
6007,5524
6008,6583
6009,8608
6010,6980
6011,6420
6012,5524
6013,14446
6014,14446
6015,9091
6016,6074
6017,9091
6018,5091
6019,6624
6020,6980
6021,9091
6022,7633
6023,7633
6024,7633
6025,6906
6026,5659
6027,6339
6028,6624
6029,6420
6030,9091
6031,9091
6032,7633
6033,8608
6034,5524
6035,6624
6036,6624
6037,5659
6038,6837
6039,7134
6040,7633
6041,7134
6042,6906
6043,5355
6044,4961
6045,5091
6046,6980
6047,4614
6048,4961
6049,5524
6050,9091
6051,7633
6052,6624
6053,6174
6054,5091
6055,6980
6056,5659
6057,5921
6058,8608
6059,5659
6060,5524
6061,6980
6062,9091
6063,5659
6064,5355
6065,9091
6066,9091
6067,9091
6068,9091
6069,7633
6070,8608
6071,9091
6072,6583
6073,6906
6074,9091
6075,5921
6076,5524
6077,14325
6078,14325
6079,5524
6080,9091
6081,5524
6082,6339
6083,7633
6084,6624
6085,5355
6086,6980
6087,6624
6088,9091
6089,5921
6090,6624
6091,5091
6092,7134
6093,5524
6094,8163
6095,8608
6096,6624
6097,6906
6098,7464
6099,9091
6100,6074
6101,8608
6102,9091
6103,5355
6104,6339
6105,6906
6106,6624
6107,6624
6108,6583
6109,6583
6110,6624
6111,6624
6112,6624
6113,5659
6114,7633
6115,5091
6116,5524
6117,8608
6118,8608
6119,7633
6120,9091
6121,6980
6122,4961
6123,4961
6124,6980
6125,9091
6126,9091
6127,4961
6128,6906
6129,7633
6130,6420
6131,7633
6132,6339
6133,6583
6134,6020
6135,5524
6136,7633
6137,5921
6138,6906
6139,8608
6140,9091
6141,6339
6142,7633
6143,7134
6144,6583
6145,6906
6146,5355
6147,9091
6148,6980
6149,5921
6150,7633
6151,7633
6152,7633
6153,7633
6154,7633
6155,7633
6156,7633
6157,7633
6158,9091
6159,9091
6160,4961
6161,4961
6162,6980
6163,6624
6164,7633
6165,5524
6166,4961
6167,5524
6168,6906
6169,14446
6170,9091
6171,5524
6172,4961
6173,5524
6174,14446
6175,5524
6176,9091
6177,5524
6178,5524
6179,9091
6180,6980
6181,6980
6182,14446
6183,14325
6184,14446
6185,6624
6186,6624
6187,7633
6188,4961
6189,7633
6190,7633
6191,7633
6192,7633
6193,7134
6194,7633
6195,7134
6196,7134
6197,7633
6198,5524
6199,9091
6200,5659
6201,5659
6202,6339
6203,7633
6204,7633
6205,6624
6206,7134
6207,7134
6208,7134
6209,7134
6210,14446
6211,7633
6212,8608
6213,6980
6214,6074
6215,8608
6216,9091
6217,8608
6218,7633
6219,7633
6220,7633
6221,7633
6222,7633
6223,6980
6224,7633
6225,7633
6226,14446
6227,7134
6228,7134
6229,7134
6230,7633
6231,5690
6232,9091
6233,9091
6234,7633
6235,5524
6236,6339
6237,9091
6238,5091
6239,8608
6240,6624
6241,14446
6242,6906
6243,7633
6244,6906
6245,5524
6246,7134
6247,8608
6248,9091
6249,7633
6250,7633
6251,6624
6252,6339
6253,6339
6254,9091
6255,9091
6256,7633
6257,7633
6258,7134
6259,7633
6260,5524
6261,6339
6262,9091
6263,9091
6264,9091
6265,9091
6266,6339
6267,5524
6268,8608
6269,7134
6270,7633
6271,6980
6272,6624
6273,5524
6274,5524
6275,6420
6276,7134
6277,6906
6278,7633
6279,7633
6280,9091
6281,14446
6282,6624
6283,7134
6284,5524
6285,9091
6286,7633
6287,6339
6288,4961
6289,6624
6290,4961
6291,8608
6292,6420
6293,5524
6294,7134
6295,7134
6296,6339
6297,5659
6298,6624
6299,6339
6300,4961
6301,5524
6302,5921
6303,9091
6304,9091
6305,7134
6306,7633
6307,7633
6308,14446
6309,5524
6310,6583
6311,6020
6312,6583
6313,6583
6314,6583
6315,6583
6316,6583
6317,6583
6318,6020
6319,6583
6320,6020
6321,6906
6322,14446
6323,14446
6324,5659
6325,5524
6326,7134
6327,7633
6328,6624
6329,5524
6330,6980
6331,6980
6332,6980
6333,6339
6334,6624
6335,5921
6336,6980
6337,6420
6338,6906
6339,8608
6340,6339
6341,5355
6342,4961
6343,6980
6344,7633
6345,8608
6346,6980
6347,6624
6348,6980
6349,7633
6350,5659
6351,6624
6352,6906
6353,6339
6354,6906
6355,9091
6356,5091
6357,7134
6358,7134
6359,7134
6360,5355
6361,4961
6362,9091
6363,5921
6364,7134
6365,7134
6366,4961
6367,5091
6368,6339
6369,6420
6370,5091
6371,5659
6372,5524
6373,9091
6374,6339
6375,6339
6376,5524
6377,6074
6378,7134
6379,8608
6380,8608
6381,9091
6382,5091
6383,6624
6384,9091
6385,6420
6386,6583
6387,5524
6388,6020
6389,6583
6390,7633
6391,6624
6392,6624
6393,7633
6394,6339
6395,6074
6396,7633
6397,5659
6398,6906
6399,7633
6400,5091
6401,6074
6402,7633
6403,7134
6404,7134
6405,5524
6406,5524
6407,6583
6408,6583
6409,9091
6410,6624
6411,6980
6412,6074
6413,7134
6414,7633
6415,6074
6416,8608
6417,6339
6418,8608
6419,5524
6420,6906
6421,7464
6422,6420
6423,9091
6424,4961
6425,6339
6426,5091
6427,6624
6428,5659
6429,5659
6430,5659
6431,8608
6432,5355
6433,7633
6434,7134
6435,6583
6436,6624
6437,6624
6438,6420
6439,5659
6440,8608
6441,7134
6442,5091
6443,9091
6444,9091
6445,9091
6446,6074
6447,6624
6448,6020
6449,5091
6450,7633
6451,6074
6452,6980
6453,5868
6454,7633
6455,6624
6456,6980
6457,6906
6458,6624
6459,6624
6460,5091
6461,7633
6462,7633
6463,6624
6464,6624
6465,6074
6466,8608
6467,6020
6468,6020
6469,6583
6470,5921
6471,5355
6472,5524
6473,9091
6474,9091
6475,7633
6476,4961
6477,6020
6478,5524
6479,6624
6480,6906
6481,5921
6482,5355
6483,4614
6484,6583
6485,9091
6486,4961
6487,6980
6488,6980
6489,6906
6490,4961
6491,5524
6492,5524
6493,9091
6494,7134
6495,4614
6496,7633
6497,7633
6498,6980
6499,6980
6500,6420
6501,6980
